First Name,Last Name,Email,Mobile
Dharmik,Patel,dharmikgpatel@gmail.com,7600710562
Vinod,sylvan Fernandes,vinufernando111@gmail.com,8197182950
Siddharth,Thakkar,siddithakkar@gmail.com,8758641253
Binod,Kumar,binod@ikamate.com,9624759898
Rohan,J Shah,shah_rohan09@yahoo.com,9687305230
Sunil,Patel,osw6633@gmail.com,9879066633
NC,Patel,ncpatel999@gmail.com,9998173965
Syed,Shakeeb,Dk.syed99@gmail.com,8553059500
Manikandan,Mohanasundaram,Manimsk.87@outlook.com,8678951923
